{
  "hash": "486a93c0",
  "configHash": "47b85766",
  "lockfileHash": "1bb484e9",
  "browserHash": "a1583d39",
  "optimized": {
    "@angular/core": {
      "src": "../../../../../../node_modules/@angular/core/fesm2022/core.mjs",
      "file": "@angular_core.js",
      "fileHash": "50c2f4bf",
      "needsInterop": false
    },
    "@angular/platform-browser": {
      "src": "../../../../../../node_modules/@angular/platform-browser/fesm2022/platform-browser.mjs",
      "file": "@angular_platform-browser.js",
      "fileHash": "469ae94a",
      "needsInterop": false
    },
    "@angular/router": {
      "src": "../../../../../../node_modules/@angular/router/fesm2022/router.mjs",
      "file": "@angular_router.js",
      "fileHash": "0c825cfc",
      "needsInterop": false
    },
    "zone.js": {
      "src": "../../../../../../node_modules/zone.js/fesm2015/zone.js",
      "file": "zone__js.js",
      "fileHash": "395f51a8",
      "needsInterop": true
    }
  },
  "chunks": {
    "chunk-65P4SY5M": {
      "file": "chunk-65P4SY5M.js"
    },
    "chunk-VZVXKHPU": {
      "file": "chunk-VZVXKHPU.js"
    },
    "chunk-WDMUDEB6": {
      "file": "chunk-WDMUDEB6.js"
    }
  }
}